{
	"partitions" : [
		{
			"name" : "Top",
			"pins" : [
				{
					"name" : "SEVEN_SEGMENT_N_O[0][0]",
					"strict" : false
				},
				{
					"name" : "SEVEN_SEGMENT_N_O[0][1]",
					"strict" : false
				},
				{
					"name" : "SEVEN_SEGMENT_N_O[0][2]",
					"strict" : false
				},
				{
					"name" : "SEVEN_SEGMENT_N_O[0][3]",
					"strict" : false
				},
				{
					"name" : "SEVEN_SEGMENT_N_O[0][4]",
					"strict" : false
				},
				{
					"name" : "SEVEN_SEGMENT_N_O[0][5]",
					"strict" : false
				},
				{
					"name" : "SEVEN_SEGMENT_N_O[0][6]",
					"strict" : false
				},
				{
					"name" : "SEVEN_SEGMENT_N_O[1][0]",
					"strict" : false
				},
				{
					"name" : "SEVEN_SEGMENT_N_O[1][1]",
					"strict" : false
				},
				{
					"name" : "SEVEN_SEGMENT_N_O[1][2]",
					"strict" : false
				},
				{
					"name" : "SEVEN_SEGMENT_N_O[1][3]",
					"strict" : false
				},
				{
					"name" : "SEVEN_SEGMENT_N_O[1][4]",
					"strict" : false
				},
				{
					"name" : "SEVEN_SEGMENT_N_O[1][5]",
					"strict" : false
				},
				{
					"name" : "SEVEN_SEGMENT_N_O[1][6]",
					"strict" : false
				},
				{
					"name" : "SEVEN_SEGMENT_N_O[4][0]",
					"strict" : false
				},
				{
					"name" : "SEVEN_SEGMENT_N_O[4][2]",
					"strict" : false
				},
				{
					"name" : "SEVEN_SEGMENT_N_O[4][3]",
					"strict" : false
				},
				{
					"name" : "SEVEN_SEGMENT_N_O[4][4]",
					"strict" : false
				},
				{
					"name" : "SEVEN_SEGMENT_N_O[4][5]",
					"strict" : false
				},
				{
					"name" : "SEVEN_SEGMENT_N_O[4][6]",
					"strict" : false
				},
				{
					"name" : "LED_GREEN_O[0]",
					"strict" : false
				},
				{
					"name" : "LED_GREEN_O[1]",
					"strict" : false
				},
				{
					"name" : "LED_GREEN_O[2]",
					"strict" : false
				},
				{
					"name" : "LED_GREEN_O[3]",
					"strict" : false
				},
				{
					"name" : "LED_GREEN_O[4]",
					"strict" : false
				},
				{
					"name" : "LED_GREEN_O[5]",
					"strict" : false
				},
				{
					"name" : "LED_GREEN_O[6]",
					"strict" : false
				},
				{
					"name" : "LED_GREEN_O[7]",
					"strict" : false
				},
				{
					"name" : "LED_GREEN_O[8]",
					"strict" : false
				},
				{
					"name" : "LED_RED_O[0]",
					"strict" : false
				},
				{
					"name" : "LED_RED_O[17]",
					"strict" : false
				},
				{
					"name" : "LCD_EN_O",
					"strict" : false
				},
				{
					"name" : "LCD_COMMAND_DATA_O",
					"strict" : false
				},
				{
					"name" : "LCD_DATA_IO[0]",
					"strict" : false
				},
				{
					"name" : "LCD_DATA_IO[1]",
					"strict" : false
				},
				{
					"name" : "LCD_DATA_IO[2]",
					"strict" : false
				},
				{
					"name" : "LCD_DATA_IO[3]",
					"strict" : false
				},
				{
					"name" : "LCD_DATA_IO[4]",
					"strict" : false
				},
				{
					"name" : "LCD_DATA_IO[5]",
					"strict" : false
				},
				{
					"name" : "LCD_DATA_IO[6]",
					"strict" : false
				},
				{
					"name" : "LCD_DATA_IO[7]",
					"strict" : false
				},
				{
					"name" : "SWITCH_I[17]",
					"strict" : false
				},
				{
					"name" : "CLOCK_50_I",
					"strict" : false
				},
				{
					"name" : "PS2_DATA_I",
					"strict" : false
				},
				{
					"name" : "PS2_CLOCK_I",
					"strict" : false
				}
			]
		}
	]
}