{
	"partitions" : [
		{
			"name" : "Top",
			"pins" : [
				{
					"name" : "LED_GREEN_O[0]",
					"strict" : false
				},
				{
					"name" : "LED_GREEN_O[1]",
					"strict" : false
				},
				{
					"name" : "LED_GREEN_O[2]",
					"strict" : false
				},
				{
					"name" : "LED_GREEN_O[3]",
					"strict" : false
				},
				{
					"name" : "LED_GREEN_O[4]",
					"strict" : false
				},
				{
					"name" : "LED_GREEN_O[5]",
					"strict" : false
				},
				{
					"name" : "LED_GREEN_O[6]",
					"strict" : false
				},
				{
					"name" : "LED_GREEN_O[7]",
					"strict" : false
				},
				{
					"name" : "LED_GREEN_O[8]",
					"strict" : false
				},
				{
					"name" : "LED_RED_O[3]",
					"strict" : false
				},
				{
					"name" : "LED_RED_O[4]",
					"strict" : false
				},
				{
					"name" : "LED_RED_O[5]",
					"strict" : false
				},
				{
					"name" : "LED_RED_O[6]",
					"strict" : false
				},
				{
					"name" : "LED_RED_O[7]",
					"strict" : false
				},
				{
					"name" : "LED_RED_O[8]",
					"strict" : false
				},
				{
					"name" : "LED_RED_O[9]",
					"strict" : false
				},
				{
					"name" : "LED_RED_O[10]",
					"strict" : false
				},
				{
					"name" : "LED_RED_O[11]",
					"strict" : false
				},
				{
					"name" : "LED_RED_O[12]",
					"strict" : false
				},
				{
					"name" : "LED_RED_O[13]",
					"strict" : false
				},
				{
					"name" : "LED_RED_O[14]",
					"strict" : false
				},
				{
					"name" : "LED_RED_O[15]",
					"strict" : false
				},
				{
					"name" : "LED_RED_O[16]",
					"strict" : false
				},
				{
					"name" : "LED_RED_O[17]",
					"strict" : false
				},
				{
					"name" : "LCD_EN_O",
					"strict" : false
				},
				{
					"name" : "LCD_COMMAND_DATA_O",
					"strict" : false
				},
				{
					"name" : "LCD_DATA_IO[0]",
					"strict" : false
				},
				{
					"name" : "LCD_DATA_IO[1]",
					"strict" : false
				},
				{
					"name" : "LCD_DATA_IO[2]",
					"strict" : false
				},
				{
					"name" : "LCD_DATA_IO[3]",
					"strict" : false
				},
				{
					"name" : "LCD_DATA_IO[4]",
					"strict" : false
				},
				{
					"name" : "LCD_DATA_IO[5]",
					"strict" : false
				},
				{
					"name" : "LCD_DATA_IO[6]",
					"strict" : false
				},
				{
					"name" : "LCD_DATA_IO[7]",
					"strict" : false
				},
				{
					"name" : "SWITCH_I[17]",
					"strict" : false
				},
				{
					"name" : "CLOCK_50_I",
					"strict" : false
				},
				{
					"name" : "SWITCH_I[0]",
					"strict" : false
				}
			]
		}
	]
}